Name,Link
Acanthocalycium glaucum,https://plantsam.com/wp-content/uploads/2014/04/Acanthocalycium.jpg
Adenium obesum cv.,https://plantsam.com/wp-content/uploads/2014/06/Adenium-obesum-480.jpg
Adromischus alstonii,https://plantsam.com/wp-content/uploads/2013/06/Adromischus-alstonii.jpg
Adromischus cooperi,https://plantsam.com/wp-content/uploads/2014/06/Adromischus-cooperi-480.jpg
Adromischus cristatus,https://plantsam.com/wp-content/uploads/2020/11/Adromischus-cristatus-480x480.jpg
Adromischus cristatus var. clavifolius,https://plantsam.com/wp-content/uploads/2020/11/Adromischus-cristatus-var.-clavifolius-480x480.jpg
Adromischus diabolicus,https://plantsam.com/wp-content/uploads/2020/10/Adromischus-diabolicus-480x480.jpg
Aeonium arboreum “Atropurpurea”,https://plantsam.com/wp-content/uploads/2013/02/Aeonium-arboreum.jpg
Aeonium arboreum “Nigrum”,https://plantsam.com/wp-content/uploads/2021/11/Aeonium-arboreum-Nigrum-480x480.jpg
Aeonium decorum “Variegata”,https://plantsam.com/wp-content/uploads/2013/02/Aeonium-decorum.jpg
Aeonium sedifolium,https://plantsam.com/wp-content/uploads/2021/10/Aeonium-sedifolium-480x480.webp
Agave americana,https://plantsam.com/wp-content/uploads/2021/10/Agave-americana-2-480x480.jpg
Agave angustifolia,https://plantsam.com/wp-content/uploads/2021/10/Agave-angustifolia-1-480x480.jpg
Agave angustifolia “Marginata”,https://plantsam.com/wp-content/uploads/2014/06/Agave-angustifolia-Marginata-480.jpg
Agave applanata,https://plantsam.com/wp-content/uploads/2021/10/Agave-applanata-480x480.jpg
Agave attenuata,https://plantsam.com/wp-content/uploads/2014/06/Agave-attenuata-480.jpg
Agave macroacantha,https://plantsam.com/wp-content/uploads/2012/10/Agave-macroacantha.jpg
Agave ovatifolia,https://plantsam.com/wp-content/uploads/2021/10/Agave-ovatifolia-480x480.jpg
Agave parrasana,https://plantsam.com/wp-content/uploads/2013/08/Agave-parrasana.jpg
Agave parryi,https://plantsam.com/wp-content/uploads/2021/10/Agave-parryi-480x480.jpg
Agave parviflora,https://plantsam.com/wp-content/uploads/2012/10/Agave-parviflora.jpg
Agave potatorum,https://plantsam.com/wp-content/uploads/2021/10/Agave-potatorum-480x480.jpg
Agave striata,https://plantsam.com/wp-content/uploads/2021/10/Agave-striata-480x480.jpg
Agave univittata “Quadricolor”,https://plantsam.com/wp-content/uploads/2021/10/Agave-lophantha-Quadricolor-480x480.jpg
Agave utahensis var. nevadensis,https://plantsam.com/wp-content/uploads/2014/02/Agave.jpg
Aloe “Pepe”,https://plantsam.com/wp-content/uploads/2020/06/Aloe-Pepe-5-480x480.jpg
Aloe arborescens,https://plantsam.com/wp-content/uploads/2021/10/Aloe-arborescens-2-480x480.jpg
Aloe bakeri,https://plantsam.com/wp-content/uploads/2021/10/Aloe-bakeri-480x480.jpg
Aloe brevifolia,https://plantsam.com/wp-content/uploads/2021/10/Aloe-brevifolia-480x480.jpg
Aloe descoingsii,https://plantsam.com/wp-content/uploads/2020/06/Aloe-descoingsii-4-480x480.jpg
Aloe ferox “Variegata”,https://plantsam.com/wp-content/uploads/2021/10/Aloe-ferox-Variegata-4-480x480.jpg
Aloe haworthioides,https://plantsam.com/wp-content/uploads/2020/06/Aloe-haworthioides-5-480x480.jpg
Aloe humilis,https://plantsam.com/wp-content/uploads/2013/02/Aloe-Bluete.jpg
Aloe jucunda,https://plantsam.com/wp-content/uploads/2013/08/Aloe-jucunda.jpg
Aloe juvenna,https://plantsam.com/wp-content/uploads/2021/11/Aloe-juvenna-480x480.webp
Aloe maculata,https://plantsam.com/wp-content/uploads/2021/10/Aloe-maculata-480x480.jpg
Aloe marlothii,https://plantsam.com/wp-content/uploads/2021/10/Aloe-marlothii-480x480.jpg
Aloe perfoliata,https://plantsam.com/wp-content/uploads/2021/10/Aloe-perfoliata-480x480.jpg
Aloe plicatilis,https://plantsam.com/wp-content/uploads/2014/07/Aloe.jpg
Aloe ramosissima,https://plantsam.com/wp-content/uploads/2013/10/Aloe-ramosissima.jpg
Aloe somaliensis,https://plantsam.com/wp-content/uploads/2013/08/Aloe-somaliensis.jpg
Anacampseros rufescens “Sunrise”,https://plantsam.com/wp-content/uploads/2019/11/Anacampseros-rufescens-Sunrise-4-480x480.jpg
Astrophytum myriostigma “Huboki”,https://plantsam.com/wp-content/uploads/2015/06/Astrophytum.jpg
Astrophytum myriostigma “Nudum”,https://plantsam.com/wp-content/uploads/2015/07/Astrophytum.jpg
Astrophytum ornatum var. glabrescens,https://plantsam.com/wp-content/uploads/2014/02/Astrophytum-1.jpg
Astrophytum ornatum var. mirbelii,https://plantsam.com/wp-content/uploads/2014/02/Astrophytum-2.jpg
Austrocylindropuntia subulata “Cristata”,https://plantsam.com/wp-content/uploads/2021/10/Austrocylindropuntia-subulata-Cristata-480x480.jpg
Austrocylindropuntia vestita “Cristata”,https://plantsam.com/wp-content/uploads/2021/10/Austrocylindropuntia-vestita-Cristata-4-480x480.jpg
Brighamia insignis,https://plantsam.com/wp-content/uploads/2013/07/Brighamia-insignis.jpg
Bulbine frutescens,https://plantsam.com/wp-content/uploads/2013/10/Bulbine-frutescens.jpg
Carpobrotus acinaciformis,https://plantsam.com/wp-content/uploads/2021/10/Carpobrotus-acinaciformis-480x480.jpg
Cephalocereus senilis,https://plantsam.com/wp-content/uploads/2014/04/Cephalocereus.jpg
Cereus jamacaru “Spiralis”,https://plantsam.com/wp-content/uploads/2021/10/Cereus-jamacaru-Spiralis-480x480.jpg
Cereus repandus “Florida”,https://plantsam.com/wp-content/uploads/2014/04/Cereus.jpg
Cereus repandus var. monstrosus,https://plantsam.com/wp-content/uploads/2014/04/Cereus-repandus.jpg
Ceropegia ampliata,https://plantsam.com/wp-content/uploads/2012/11/Ceropegia-ampliata.jpg
Ceropegia linearis ssp. woodii,https://plantsam.com/wp-content/uploads/2014/06/Ceropegia-linearis-woodii-480.jpg
Cheiridopsis purpurea,https://plantsam.com/wp-content/uploads/2021/10/Cheiridopsis-purpurea-1-480x480.jpg
Cleistocactus strausii,https://plantsam.com/wp-content/uploads/2021/10/Cleistocactus-strausii-7-480x480.jpg
Cleistocactus winteri “Cristata”,https://plantsam.com/wp-content/uploads/2021/10/Cleistocactus-winteri-Cristata-480x480.jpg
Conophytum minutum,https://plantsam.com/wp-content/uploads/2021/10/Conophytum-minutum-480x480.jpg
Copiapoa humilis subsp. tenuissima,https://plantsam.com/wp-content/uploads/2021/02/Copiapoa-humilis-subsp-480x480.jpg
Corynopuntia grahamii,https://plantsam.com/wp-content/uploads/2021/10/Corynopuntia-grahamii-6-480x480.jpg
Coryphantha pycnacantha,https://plantsam.com/wp-content/uploads/2021/10/Coryphantha-pycnacantha-480x480.jpg
Cotyledon orbiculata “Octopus”,https://plantsam.com/wp-content/uploads/2014/09/Cotyledon.jpg
Cotyledon tomentosa,https://plantsam.com/wp-content/uploads/2013/06/Cotyledon-tomentosa.jpg
Cotyledon tomentosa “Variegata”,https://plantsam.com/wp-content/uploads/2020/11/Cotyledon-tomentosa-Variegata-480x480.jpg
Cotyledon undulata,https://plantsam.com/wp-content/uploads/2013/06/Cotyledon-undulata.jpg
Crassula arborescens,https://plantsam.com/wp-content/uploads/2014/06/Crassula-arborescens-480.jpg
Crassula arborescens ssp. undulatifolia,https://plantsam.com/wp-content/uploads/2021/11/Crassula-arborescens-undulatifolia-480x480.jpg
Crassula atropurpurea var. muirii “Variegata”,https://plantsam.com/wp-content/uploads/2022/03/Crassula-atropurpurea-var.-muirii-Variegata-480x480.webp
Crassula deceptor,https://plantsam.com/wp-content/uploads/2021/12/Crassula-deceptor-480x480.webp
Crassula deceptor var. Arta,https://plantsam.com/wp-content/uploads/2014/11/Crassula.jpg
Crassula exilis ssp. schmidtii,https://plantsam.com/wp-content/uploads/2014/08/Crassula-exilis.jpg
Crassula falcata,https://plantsam.com/wp-content/uploads/2017/01/Crassula-falcata-8-480x480.jpg
Crassula mesembrianthemopsis,https://plantsam.com/wp-content/uploads/2021/10/Crassula-mesembrianthemopsis-3-480x480.jpg
Crassula muscosa,https://plantsam.com/wp-content/uploads/2021/10/Crassula-muscosa-1-480x480.jpg
Crassula muscosa “Variegata”,https://plantsam.com/wp-content/uploads/2014/06/Crassula-muscosa-Variegata-480.jpg
Crassula orbicularis var. Rosularis,https://plantsam.com/wp-content/uploads/2021/11/Crassula-orbicularis-var-Rosularis-480x480.jpg
Crassula ovata,https://plantsam.com/wp-content/uploads/2014/06/Crassula.jpg
Crassula ovata “Convoluta”,https://plantsam.com/wp-content/uploads/2021/11/Crassula-ovata-Convoluta-480x480.webp
Crassula ovata “Gollum” & “Hobbit”,https://plantsam.com/wp-content/uploads/2014/06/Crassula-ovata-Hobbit-Gollum-480.jpg
Crassula ovata “Hulk”,https://plantsam.com/wp-content/uploads/2021/11/Crassula-ovata-Hulk-480x480.webp
Crassula ovata “Tricolor” – care sheet,https://plantsam.com/wp-content/uploads/2021/12/Crassula-ovata-Tricolor-480x480.webp
Crassula pellucida ssp. marginalis,https://plantsam.com/wp-content/uploads/2014/04/Crassula-pellucida.jpg
Crassula perforata,https://plantsam.com/wp-content/uploads/2021/10/Crassula-perforata-3-480x480.jpg
Crassula perforata “Variegata”,https://plantsam.com/wp-content/uploads/2021/10/Crassula-perforata-Variegata-480x480.jpg
Crassula tecta,https://plantsam.com/wp-content/uploads/2021/05/Crassula-tecta-480x480.jpg
Cremnosedum “Little Gem”,https://plantsam.com/wp-content/uploads/2021/10/Cremnosedum-Little-Gem-480x480.webp
Curio articulatus,https://plantsam.com/wp-content/uploads/2020/11/Curio-articulatus-480x480.jpg
Curio citriformis,https://plantsam.com/wp-content/uploads/2020/10/Curio-citriformis-480x480.jpg
Curio ficoides,https://plantsam.com/wp-content/uploads/2022/04/Curio-ficoides-480x480.webp
Cylindropuntia imbricata,https://plantsam.com/wp-content/uploads/2021/10/Cylindropuntia-imbricata-1-480x480.jpg
Cyphostemma juttae,https://plantsam.com/wp-content/uploads/2021/05/Cyphostemma-juttae-1-480x480.jpg
Dasylirion serratifolium,https://plantsam.com/wp-content/uploads/2021/10/Dasylirion-serratifolium-5-480x480.jpg
Deuterocohnia lotteae,https://plantsam.com/wp-content/uploads/2013/08/Deuterocohnia-lotteae.jpg
Didierea trollii,https://plantsam.com/wp-content/uploads/2013/08/Didierea-trollii.jpg
Dischidia ruscifolia,https://plantsam.com/wp-content/uploads/2014/09/Dischidia.jpg
Dracaena (Sansevieria) “Boncellensis”,https://plantsam.com/wp-content/uploads/2021/10/Sansevieria-Boncellensis-1-480x480.jpg
Dracaena (Sansevieria) “Ed Eby”,https://plantsam.com/wp-content/uploads/2021/11/Sansevieria-Ed-Eby-480x480.jpg
Dracaena (Sansevieria) “Fernwood”,https://plantsam.com/wp-content/uploads/2021/10/Sansevieria-Fernwood-480x480.jpg
Dracaena (Sansevieria) concinna,https://plantsam.com/wp-content/uploads/2014/06/Sansevieria-concinna-9-480x480.jpg
Dracaena (Sansevieria) cylindrica “Wild”,https://plantsam.com/wp-content/uploads/2021/11/Sansevieria-cylindrica-480x480.jpg
Dracaena (Sansevieria) francisii,https://plantsam.com/wp-content/uploads/2021/11/Sansevieria-francisii-480x480.jpg
Dracaena (Sansevieria) parva,https://plantsam.com/wp-content/uploads/2021/10/Sansevieria-parva-480x480.jpg
Dracaena (Sansevieria) trifasciata,https://plantsam.com/wp-content/uploads/2014/01/Sansevieria-trifasciata.jpg
Dracaena (Sansevieria) trifasciata “Hahnii”,https://plantsam.com/wp-content/uploads/2021/11/SansevieriatrifasciataHahnii-480x480.jpg
Dracaena (Sansevieria) trifasciata “Laurentii”,https://plantsam.com/wp-content/uploads/2014/01/sansevieria-laurentii.jpg
Dracaena draco,https://plantsam.com/wp-content/uploads/2021/10/Dracaena-draco-3-480x480.jpg
Dudleya brittonii,https://plantsam.com/wp-content/uploads/2014/08/Dudleya.jpg
Dudleya greenei,https://plantsam.com/wp-content/uploads/2021/10/Dudleya-greenei-1-480x480.jpg
Duvalia pubescens,https://plantsam.com/wp-content/uploads/2014/04/Duvalia.jpg
Echeveria “Fabiola”,https://plantsam.com/wp-content/uploads/2015/03/Echeveria.jpg
Echeveria “Perle von Nürnberg”,https://plantsam.com/wp-content/uploads/2012/10/Echeveria-Perle.jpg
Echeveria agavoides,https://plantsam.com/wp-content/uploads/2013/06/Echeveria.jpg
Echeveria agavoides “Cristata”,https://plantsam.com/wp-content/uploads/2020/11/Echeveria-agavoides-Cristata-480x480.jpg
Echeveria agavoides “Taurus”,https://plantsam.com/wp-content/uploads/2014/11/Echeveria.jpg
Echeveria agavoides cv.,https://plantsam.com/wp-content/uploads/2019/10/Echeveria-agavoides-5-480x480.jpg
Echeveria derenbergii,https://plantsam.com/wp-content/uploads/2021/10/Echeveria-derenbergii-1-480x480.jpg
Echeveria elegans,https://plantsam.com/wp-content/uploads/2015/01/Echeveria.jpg
Echeveria gibbiflora “Purple Pearl”,https://plantsam.com/wp-content/uploads/2022/02/Echeveria-gibbiflora-Purple-Pearl-480x480.webp
Echeveria leucotricha,https://plantsam.com/wp-content/uploads/2013/06/Echeveria-leucotricha.jpg
Echeveria lilacina,https://plantsam.com/wp-content/uploads/2014/11/E-lilacina.jpg
Echeveria macdougallii,https://plantsam.com/wp-content/uploads/2013/08/Echeveria-macdougallii.jpg
Echeveria nodulosa,https://plantsam.com/wp-content/uploads/2015/06/Echeveria.jpg
Echeveria prolifica,https://plantsam.com/wp-content/uploads/2021/11/Echeveria-prolifica-480x480.jpg
Echeveria pulidonis,https://plantsam.com/wp-content/uploads/2021/10/Echeveria-pulidonis-480x480.jpg
Echeveria pulvinata,https://plantsam.com/wp-content/uploads/2014/06/Echeveria-pulvinata-480.jpg
Echeveria secunda,https://plantsam.com/wp-content/uploads/2021/10/Echeveria-secunda-480x480.webp
Echeveria setosa,https://plantsam.com/wp-content/uploads/2012/10/Echeverien.jpg
Echinocactus grusonii,https://plantsam.com/wp-content/uploads/2014/06/Echinocactus-grusonii-480-1.jpg
Echinocactus grusonii “kurzdornig”,https://plantsam.com/wp-content/uploads/2014/04/Echinocactus-kurzdornig.jpg
Echinocactus platyacanthus,https://plantsam.com/wp-content/uploads/2012/10/Echinocactus-platyacanthus.jpg
Echinocactus platyacanthus,https://plantsam.com/wp-content/uploads/2014/11/Echinocactus.jpg
Echinocereus coccineus,https://plantsam.com/wp-content/uploads/2021/10/Echinocereus-coccineus-480x480.jpg
Echinocereus reichenbachii ssp. baileyi,https://plantsam.com/wp-content/uploads/2014/06/Echinocereus.jpg
Echinocereus viereckii ssp. morricalii,https://plantsam.com/wp-content/uploads/2021/10/Echinocereus-viereckii-var-morricalii-1-480x480.jpg
Echinopsis ancistrophora ssp. cardenasiana,https://plantsam.com/wp-content/uploads/2014/04/Echinopsis-cardenasiana.jpg
Echinopsis atacamensis,https://plantsam.com/wp-content/uploads/2021/10/Echinopsis-atacamensis-480x480.jpg
Echinopsis candicans,https://plantsam.com/wp-content/uploads/2014/04/Echinopsis.jpg
Echinopsis chamaecereus,https://plantsam.com/wp-content/uploads/2015/06/Echinopsis.jpg
Echinopsis mirabilis,https://plantsam.com/wp-content/uploads/2020/05/Echinopsis-mirabilis-7-480x480.jpg
Echinopsis subdenudata,https://plantsam.com/wp-content/uploads/2021/10/Echinopsis-subdenudata-1-480x480.jpg
Epiphyllum “Tantico”,https://plantsam.com/wp-content/uploads/2014/06/Epiphyllum.jpg
Escobaria sneedii,https://plantsam.com/wp-content/uploads/2014/06/Escobaria-sneedii-480.jpg
Espostoa lanata,https://plantsam.com/wp-content/uploads/2021/10/Espostoa-lanata-480x480.jpg
Espostoa melanostele,https://plantsam.com/wp-content/uploads/2021/10/Espostoa-melanostele-2-480x480.jpg
Euphorbia aeruginosa,https://plantsam.com/wp-content/uploads/2014/06/Euphorbia-aeruginosa-480.jpg
Euphorbia ammak “Variegata”,https://plantsam.com/wp-content/uploads/2021/10/Euphorbia-ammak-Variegata-480x480.jpg
Euphorbia bupleurifolia,https://plantsam.com/wp-content/uploads/2014/10/Euphorbia.jpg
Euphorbia bupleurifolia × susannae,https://plantsam.com/wp-content/uploads/2014/06/Euphorbia-bs.jpg
Euphorbia canariensis,https://plantsam.com/wp-content/uploads/2013/05/Euphorbia-canariensis.jpg
Euphorbia enopla “Cristata” ‘Coral’,https://plantsam.com/wp-content/uploads/2021/10/Euphorbia-enopla-Cristata-480x480.webp
Euphorbia franckiana,https://plantsam.com/wp-content/uploads/2013/05/Euphorbia-franckiana.jpg
Euphorbia fruticosa,https://plantsam.com/wp-content/uploads/2021/10/Euphorbia-fruticosa-480x480.jpg
Euphorbia globosa × obesa,https://plantsam.com/wp-content/uploads/2019/11/Euphorbia-globosa-7-480x480.jpg
Euphorbia heptagona,https://plantsam.com/wp-content/uploads/2013/05/Euphorbia-heptagona.jpg
Euphorbia horrida,https://plantsam.com/wp-content/uploads/2014/06/Euphorbia-horrida-480.jpg
Euphorbia horrida “Monstrosa”,https://plantsam.com/wp-content/uploads/2021/05/Euphorbia-horrida-Monstrosa-7-480x480.jpg
Euphorbia ingens,https://plantsam.com/wp-content/uploads/2021/10/Euphorbia-ingens-480x480.jpg
Euphorbia jansenvillensis,https://plantsam.com/wp-content/uploads/2013/05/Euphorbia-jansenvillensis.jpg
Euphorbia lactea “Cristata”,https://plantsam.com/wp-content/uploads/2014/06/Euphorbia-lactea-Cristata-480.jpg
Euphorbia leuconeura,https://plantsam.com/wp-content/uploads/2014/06/Euphorbia-leuconeura-480.jpg
Euphorbia loricata,https://plantsam.com/wp-content/uploads/2021/10/Euphorbia-loricata-480x480.webp
Euphorbia magnifica,https://plantsam.com/wp-content/uploads/2013/09/Euphorbia-magnifica.jpg
Euphorbia mammillaris,https://plantsam.com/wp-content/uploads/2012/11/Euphorbia-mammillaris.jpg
Euphorbia mammillaris “Variegata”,https://plantsam.com/wp-content/uploads/2012/11/Euphorbia-mammillaris-Variegata.jpg
Euphorbia meloformis,https://plantsam.com/wp-content/uploads/2014/06/Euphorbia-m.jpg
Euphorbia myrsinites,https://plantsam.com/wp-content/uploads/2014/06/Euphorbia-myrsinites-480.jpg
Euphorbia nivulia,https://plantsam.com/wp-content/uploads/2020/09/Euphorbia-nivulia-5-480x480.jpg
Euphorbia pentagona,https://plantsam.com/wp-content/uploads/2021/10/Euphorbia-pentagona-480x480.jpg
Euphorbia pseudocactus,https://plantsam.com/wp-content/uploads/2014/05/Euphorbia.jpg
Euphorbia resinifera,https://plantsam.com/wp-content/uploads/2021/05/Euphorbia-resinifera-480x480.jpg
Euphorbia ritchiei,https://plantsam.com/wp-content/uploads/2015/06/Euphorbia.jpg
Euphorbia stellata,https://plantsam.com/wp-content/uploads/2014/11/Euphorbia.jpg
Euphorbia succulenta,https://plantsam.com/wp-content/uploads/2021/11/Euphorbia-succulenta-480x480.webp
Euphorbia tirucalli,https://plantsam.com/wp-content/uploads/2012/11/Euphorbia-tirucalli.jpg
Euphorbia trigona,https://plantsam.com/wp-content/uploads/2021/11/Euphorbiatrigona-480x480.jpg
Faucaria tigrina,https://plantsam.com/wp-content/uploads/2012/11/Faucaria-tigrina.jpg
Fenestraria rhopalophylla ssp. aurantiaca,https://plantsam.com/wp-content/uploads/2020/11/Fenestraria-rhopalophylla-ssp.-aurantiaca-480x480.jpg
Ferocactus gracilis,https://plantsam.com/wp-content/uploads/2021/05/Ferocactus-gracilis-1-480x480.jpg
Ferocactus latispinus,https://plantsam.com/wp-content/uploads/2014/11/Ferocactus.jpg
Ferocactus latispinus ssp. spiralis,https://plantsam.com/wp-content/uploads/2021/10/Ferocactus-latispinus-ssp-spiralis-480x480.jpg
Ferocactus peninsulae,https://plantsam.com/wp-content/uploads/2021/10/Ferocactus-horridus-11-480x480.jpg
Ferocactus pilosus,https://plantsam.com/wp-content/uploads/2021/10/Ferocactus-pilosus-2-480x480.jpg
Frailea asterioides,https://plantsam.com/wp-content/uploads/2020/06/Frailea-asterioides-5-480x480.jpg
Frailea buenekeri,https://plantsam.com/wp-content/uploads/2021/10/Frailea-buenekeri-480x480.jpg
Frithia pulchra,https://plantsam.com/wp-content/uploads/2014/06/Frithia.jpg
Gasteria “Little Warty”,https://plantsam.com/wp-content/uploads/2014/06/Gasteria-Little-Warty-480.jpg
Gasteria disticha,https://plantsam.com/wp-content/uploads/2021/10/Gasteria-disticha-480x480.jpg
Gasteria obliqua cv.,https://plantsam.com/wp-content/uploads/2021/10/Gasteria-obliqua-cv-480x480.jpg
Gasteria sp. “Variegata”,https://plantsam.com/wp-content/uploads/2021/10/Gasteria-gracilis-Variegata-5-480x480.jpg
Gonialoe variegata,https://plantsam.com/wp-content/uploads/2021/10/Gonialoe-variegata-480x480.jpg
Graptopetalum bellum,https://plantsam.com/wp-content/uploads/2013/04/Graptopetalum-Tacitus.jpg
Graptopetalum filiferum,https://plantsam.com/wp-content/uploads/2021/11/Graptopetalum-filiferum-480x480.webp
Graptopetalum paraguayense,https://plantsam.com/wp-content/uploads/2013/04/Graptopetalum.jpg
Gymnocalycium anisitsii ssp. anisitsii,https://plantsam.com/wp-content/uploads/2015/06/Gymnocalycium.jpg
Gymnocalycium baldianum,https://plantsam.com/wp-content/uploads/2015/05/Gymnocalycium-baldianum-480.jpg
Gymnocalycium bruchii,https://plantsam.com/wp-content/uploads/2014/07/Gymnocalycium.jpg
Gymnocalycium mihanovichii,https://plantsam.com/wp-content/uploads/2014/06/Gymnocalycium.jpg
Hatiora salicornioides,https://plantsam.com/wp-content/uploads/2020/10/Hatiora-salicornioides-1-480x480.jpg
Hatiora × graeseri,https://plantsam.com/wp-content/uploads/2014/06/Hatiora-graeseri-480-480x480.jpg
Haworthia cooperi,https://plantsam.com/wp-content/uploads/2021/11/Haworthia-cooperi-480x480.jpg
Haworthia cymbiformis,https://plantsam.com/wp-content/uploads/2021/10/Haworthia-cymbiformis-1-480x480.jpg
Haworthia cymbiformis “Variegata”,https://plantsam.com/wp-content/uploads/2021/05/Haworthia-cymbiformis-Variegata-480x480.jpg
Haworthia reticulata “Variegata”,https://plantsam.com/wp-content/uploads/2021/05/Haworthia-reticulata-Variegata-6-480x480.jpg
Haworthia truncata,https://plantsam.com/wp-content/uploads/2021/10/Haworthia-truncata-480x480.jpg
Haworthiopsis attenuata,https://plantsam.com/wp-content/uploads/2021/10/Haworthiopsis-attenuata-480x480.jpg
Haworthiopsis attenuata “Big Band”,https://plantsam.com/wp-content/uploads/2021/05/Haworthiopsis-attenuata-Big-Band-480x480.jpg
Haworthiopsis attenuata “Enon”,https://plantsam.com/wp-content/uploads/2021/10/Haworthiopsis-attenuata-Enon-4-480x480.jpg
Haworthiopsis attenuata “Variegata”,https://plantsam.com/wp-content/uploads/2021/05/Haworthiopsis-attenuata-Variegata-480x480.jpg
Haworthiopsis fasciata,https://plantsam.com/wp-content/uploads/2021/10/Haworthiopsis-fasciata-7-480x480.jpg
Haworthiopsis limifolia,https://plantsam.com/wp-content/uploads/2014/04/Haworthia.jpg
Hechtia sp.,https://plantsam.com/wp-content/uploads/2013/10/Hechtia-sp.jpg
Honckenya peploides,https://plantsam.com/wp-content/uploads/2021/11/Honckenya-peploides-480x480.jpg
Hoya kerrii,https://plantsam.com/wp-content/uploads/2014/06/Hoya-kerrii-480.jpg
Hoya kerrii “Variegata”,https://plantsam.com/wp-content/uploads/2021/04/Hoya-kerrii-Variegata-480x480.jpg
Huernia hystrix,https://plantsam.com/wp-content/uploads/2014/04/Huernia.jpg
Hydnophytum mosleyanum,https://plantsam.com/wp-content/uploads/2021/04/Hydnophytum-moseleyanum-480x480.jpg
Hylocereus undatus,https://plantsam.com/wp-content/uploads/2014/10/Hylocereus.jpg
Hylotelephium populifolium,https://plantsam.com/wp-content/uploads/2013/09/Hylotelephium-populifolium.jpg
Hylotelephium sieboldii,https://plantsam.com/wp-content/uploads/2013/06/Hylotelephium.jpg
Hylotelephium sieboldii “Mediovariegatum”,https://plantsam.com/wp-content/uploads/2017/04/Hylotelephium-sieboldii-Mediovariegatum-480.jpg
Hylotelephium spectabile,https://plantsam.com/wp-content/uploads/2021/11/Hylotelephium-spectabile-480x480.jpg
Hylotelephium spectabile “Iceberg”,https://plantsam.com/wp-content/uploads/2022/03/Hylotelephium-spectabile-Iceberg-480x480.webp
Hylotelephium telephium “Lajos”,https://plantsam.com/wp-content/uploads/2019/01/Hylotelephium-telephium-Lajos-480x480.webp
Hylotelephium telephium cv.,https://plantsam.com/wp-content/uploads/2021/10/Hylotelephium-telephium-cv-480x480.jpg
Jatropha podagrica,https://plantsam.com/wp-content/uploads/2013/05/Jatropha-podagrica.jpg
Kalanchoe beharensis,https://plantsam.com/wp-content/uploads/2021/10/Kalanchoe-beharensis-480x480.jpg
Kalanchoe blossfeldiana “Aurora”,https://plantsam.com/wp-content/uploads/2021/12/Kalanchoe-blossfeldiana-Aurora-480x480.webp
Kalanchoe blossfeldiana cv.,https://plantsam.com/wp-content/uploads/2021/11/christmas-kalanchoe-480x480.jpg
Kalanchoe daigremontiana,https://plantsam.com/wp-content/uploads/2021/11/Kalanchoe-daigremontiana-480x480.jpg
Kalanchoe delagoensis,https://plantsam.com/wp-content/uploads/2021/11/Kalanchoe-delagoensis-480x480.jpg
Kalanchoe fedtschenkoi “Variegata”,https://plantsam.com/wp-content/uploads/2021/11/Kalanchoe-fedtschenkoi-Variegata-480x480.webp
Kalanchoe humilis,https://plantsam.com/wp-content/uploads/2021/10/Kalanchoe-humilis-480x480.webp
Kalanchoe longiflora,https://plantsam.com/wp-content/uploads/2013/06/Kalanchoe-longiflora.jpg
Kalanchoe orgyalis,https://plantsam.com/wp-content/uploads/2021/10/Kalanchoe-orgyalis-480x480.jpg
Kalanchoe pumila,https://plantsam.com/wp-content/uploads/2013/06/Kalanchoe-pumila.jpg
Kalanchoe scapigera,https://plantsam.com/wp-content/uploads/2014/06/Kalanchoe-scapigera-480.jpg
Kalanchoe thyrsiflora,https://plantsam.com/wp-content/uploads/2020/10/Kalanchoe-thyrsiflora-480x480.jpg
Kalanchoe thyrsiflora “Variegata”,https://plantsam.com/wp-content/uploads/2020/10/Kalanchoe-thyrsiflora-Variegata-480x480.jpg
Kalanchoe tomentosa,https://plantsam.com/wp-content/uploads/2014/06/Kalanchoe-tomentosa-480-1.jpg
Kalanchoe tomentosa “Chocolate Soldier”,https://plantsam.com/wp-content/uploads/2021/11/Kalanchoe-tomentosa-Chocolate-Soldier-3-480x480.jpg
Kleinia patriciae,https://plantsam.com/wp-content/uploads/2013/09/Kleinia.jpg
Kleinia stapeliiformis,https://plantsam.com/wp-content/uploads/2021/10/Kleinia-stapeliiformis-2-480x480.jpg
Lenophyllum guttatum,https://plantsam.com/wp-content/uploads/2021/10/Lenophyllum-guttatum-480x480.webp
Lewisia cotyledon cv.,https://plantsam.com/wp-content/uploads/2014/06/Lewisia-cotyledon-480.jpg
Lewisia pygmaea,https://plantsam.com/wp-content/uploads/2014/08/Lewisia.jpg
Lithops lesliei,https://plantsam.com/wp-content/uploads/2013/02/Lithops-lesliei.jpg
Machairophyllum bijlii/bijliae,https://plantsam.com/wp-content/uploads/2013/02/Machairophyllum-bijliae.jpg
Mammillaria decipiens,https://plantsam.com/wp-content/uploads/2021/10/Mammillaria-decipiens-480x480.jpg
Mammillaria elongata,https://plantsam.com/wp-content/uploads/2022/01/Mammillaria-elongata-480x480.webp
Mammillaria elongata “Cristata”,https://plantsam.com/wp-content/uploads/2021/10/Mammillaria-elongata-Cristata-480x480.jpg
Mammillaria senilis,https://plantsam.com/wp-content/uploads/2021/10/Mammillaria-senilis-480x480.webp
Mammillaria vetula ssp. gracilis,https://plantsam.com/wp-content/uploads/2021/11/Mammillaria-vetula-ssp-gracilis-480x480.jpg
Matucana madisoniorum,https://plantsam.com/wp-content/uploads/2021/05/Matucana-madisoniorum-6-480x480.jpg
Melocactus bahiensis,https://plantsam.com/wp-content/uploads/2020/01/Melocactus-bahiensis-5-480x480.jpg
Myrmecodia beccarii,https://plantsam.com/wp-content/uploads/2020/12/Myrmecodia-beccarii-480x480.jpg
Myrtillocactus geometrizans,https://plantsam.com/wp-content/uploads/2021/10/Myrtillocactus-geometrizans-480x480.jpg
Opuntia elatior,https://plantsam.com/wp-content/uploads/2021/10/Opuntia-elatior-480x480.jpg
Opuntia ficus-indica,https://plantsam.com/wp-content/uploads/2018/09/Opuntia-ficus-indica-480x480.jpg
Opuntia humifusa,https://plantsam.com/wp-content/uploads/2015/06/Opuntia.jpg
Opuntia microdasys,https://plantsam.com/wp-content/uploads/2021/10/Opuntia-microdasys-3-480x480.jpg
Opuntia microdasys “Albata”,https://plantsam.com/wp-content/uploads/2021/10/Opuntia-microdasys-Albata-1-480x480.jpg
Opuntia microdasys “Rufida”,https://plantsam.com/wp-content/uploads/2021/10/Opuntia-microdasys-Rufida-1-480x480.jpg
Orbea semota,https://plantsam.com/wp-content/uploads/2013/07/Orbea-semota.jpg
Orbea variegata,https://plantsam.com/wp-content/uploads/2013/07/Orbea-variegata.jpg
Oreocereus trollii,https://plantsam.com/wp-content/uploads/2021/10/Oreocereus-trollii-480x480.jpg
Ornithogalum sardienii,https://plantsam.com/wp-content/uploads/2013/06/Ornithogalum-sardienii.jpg
Orostachys iwarenge,https://plantsam.com/wp-content/uploads/2021/10/Orostachys-iwarenge-3-480x480.jpg
Oscularia deltoides,https://plantsam.com/wp-content/uploads/2014/06/Oscularia-deltoides-480.jpg
Othonna triplinervia,https://plantsam.com/wp-content/uploads/2013/02/Othonna-triplinervia.jpg
Oxalis carnosa,https://plantsam.com/wp-content/uploads/2021/04/Oxalis-carnosa-480x480.jpg
Pachycereus marginatus,https://plantsam.com/wp-content/uploads/2021/10/Pachycereus-marginatus-480x480.jpg
Pachycereus pringlei,https://plantsam.com/wp-content/uploads/2021/10/Pachycereus-pringlei-480x480.jpg
Pachyphytum bracteosum,https://plantsam.com/wp-content/uploads/2013/06/Pachyphytum.jpg
Pachyphytum compactum,https://plantsam.com/wp-content/uploads/2021/10/Pachyphytum-compactum-480x480.webp
Pachyphytum compactum “Red Tips”,https://plantsam.com/wp-content/uploads/2021/10/Pachyphytum-compactum-Red-Tips-480x480.webp
Pachyphytum hookeri,https://plantsam.com/wp-content/uploads/2013/06/Pachyphytum-hookeri.jpg
Pachyphytum kimnachii,https://plantsam.com/wp-content/uploads/2021/11/Pachyphytum-kimnachii-2-480x480.jpg
Pachyphytum oviferum,https://plantsam.com/wp-content/uploads/2014/06/Pachyphytum-oviferum-480.jpg
Pachypodium geayi,https://plantsam.com/wp-content/uploads/2013/02/Pachypodium-geayi.jpg
Pachypodium horombense,https://plantsam.com/wp-content/uploads/2013/02/Pachypodium-horombense.jpg
Pachypodium lamerei,https://plantsam.com/wp-content/uploads/2013/02/Pachypodium-lamerei.jpg
Pachypodium namaquanum,https://plantsam.com/wp-content/uploads/2014/07/Pachypodium.jpg
Pachypodium saundersii,https://plantsam.com/wp-content/uploads/2014/06/Pachypodium-saundersii-480.jpg
Parodia mammulosa ssp. submammulosa,https://plantsam.com/wp-content/uploads/2021/10/Parodia-mammulosa-ssp-submammulosa-480x480.jpg
Parodia warasii,https://plantsam.com/wp-content/uploads/2020/01/Parodia-warasii-6-480x480.jpg
Peperomia albovittata “Rana Verde”,https://plantsam.com/wp-content/uploads/2020/10/Peperomia-albovittata-Rana-Verde-480x480.jpg
Peperomia argyreia,https://plantsam.com/wp-content/uploads/2020/11/Peperomia-argyreia-480x480.jpg
Peperomia columella,https://plantsam.com/wp-content/uploads/2013/08/Peperomia-columella.jpg
Peperomia dolabriformis,https://plantsam.com/wp-content/uploads/2021/11/Peperomia-dolabriformis-480x480.jpg
Peperomia ferreyrae,https://plantsam.com/wp-content/uploads/2014/08/Peperomia.jpg
Peperomia graveolens,https://plantsam.com/wp-content/uploads/2020/10/Peperomia-graveolens-480x480.jpg
Peperomia maculosa,https://plantsam.com/wp-content/uploads/2021/04/Peperomia-maculosa-480x480.jpg
Peperomia obtusifolia “Variegata”,https://plantsam.com/wp-content/uploads/2020/05/Baby-Rubberplant-480x480.jpg
Peperomia prostrata,https://plantsam.com/wp-content/uploads/2019/07/Peperomia-prostrata-11-480x480.jpg
Peperomia prostrata “Pepperspot”,https://plantsam.com/wp-content/uploads/2020/10/Peperomia-prostrata-Pepperspot-480x480.jpg
Peperomia scandens “Variegata”,https://plantsam.com/wp-content/uploads/2020/11/Peperomia-scandens-Variegata-480x480.jpg
Phedimus spurius “Tricolor”,https://plantsam.com/wp-content/uploads/2021/11/Phedimus-spurius-Tricolor-480x480.webp
Phedimus spurius cv.,https://plantsam.com/wp-content/uploads/2020/09/Phedimus-spurius-480x480.jpg
Pilosocereus pachycladus,https://plantsam.com/wp-content/uploads/2022/01/Pilosocereus-pachycladus-480x480.webp
Pleiospilos compactus ssp. canus,https://plantsam.com/wp-content/uploads/2021/10/Pleiospilos-compactus-480x480.jpg
Polaskia chichipe,https://plantsam.com/wp-content/uploads/2021/10/Polaskia-chichipe-1-480x480.jpg
Portulaca grandiflora cv.,https://plantsam.com/wp-content/uploads/2021/11/Portulaca-grandiflora-480x480.jpg
Portulaca umbraticola,https://plantsam.com/wp-content/uploads/2014/06/Portulaca-umbraticola-480.jpg
Portulacaria afra “Variegata”,https://plantsam.com/wp-content/uploads/2014/07/Portulacaria.jpg
Rebutia “Sunrise”,https://plantsam.com/wp-content/uploads/2021/08/Rebutia-Sunrise-480x480.webp
Rebutia heliosa var. cajasensis,https://plantsam.com/wp-content/uploads/2015/06/Rebutia.jpg
Rhipsalis cereuscula,https://plantsam.com/wp-content/uploads/2014/05/Rhipsalis.jpg
Rhipsalis clavata,https://plantsam.com/wp-content/uploads/2020/10/Rhipsalis-clavata-480x480.jpg
Rhipsalis crispata,https://plantsam.com/wp-content/uploads/2014/04/Rhipsalis.jpg
Rhipsalis mesembryanthemoides,https://plantsam.com/wp-content/uploads/2014/10/Rhipsalis.jpg
Rhipsalis pilocarpa,https://plantsam.com/wp-content/uploads/2014/08/Rhipsalis.jpg
Schizobasis intricata,https://plantsam.com/wp-content/uploads/2014/05/Schizobasis.jpg
Schlumbergera truncata cv.,https://plantsam.com/wp-content/uploads/2014/06/Schlumbergera-truncata-480-480x480.jpg
Sedum “Little Missy”,https://plantsam.com/wp-content/uploads/2015/07/SedumLittleMissy.jpg
Sedum acre,https://plantsam.com/wp-content/uploads/2014/06/Sedum-acre-480.jpg
Sedum album,https://plantsam.com/wp-content/uploads/2019/06/Sedum-album-17-480x480.jpg
Sedum album “Athoum”,https://plantsam.com/wp-content/uploads/2018/07/Sedum-album-Athoum-8-480x480.jpg
Sedum burrito,https://plantsam.com/wp-content/uploads/2021/11/Sedum-burrito-480x480.jpg
Sedum compactum,https://plantsam.com/wp-content/uploads/2013/08/Sedum-compactum.jpg
Sedum hernandezii,https://plantsam.com/wp-content/uploads/2020/06/Sedum-hernandezii-5-480x480.jpg
Sedum hybridum,https://plantsam.com/wp-content/uploads/2014/08/Sedum.jpg
Sedum lineare “Silverstar”,https://plantsam.com/wp-content/uploads/2015/03/Sedum.jpg
Sedum makinoi,https://plantsam.com/wp-content/uploads/2012/11/Sedum-makinoi.jpg
Sedum mocinianum,https://plantsam.com/wp-content/uploads/2021/10/Sedum-mocinianum-480x480.jpg
Sedum morganianum,https://plantsam.com/wp-content/uploads/2013/08/Sedum-morganianum.jpg
Sedum nevii,https://plantsam.com/wp-content/uploads/2021/10/Sedum-nevii-480x480.webp
Sedum nussbaumerianum,https://plantsam.com/wp-content/uploads/2014/06/Sedum-nussbaumerianum-480.jpg
Sedum obtusatum,https://plantsam.com/wp-content/uploads/2021/10/Sedum-obtusatum-480x480.webp
Sedum palmeri,https://plantsam.com/wp-content/uploads/2019/05/Sedum-palmeri-6-480x480.jpg
Sedum rubrotinctum,https://plantsam.com/wp-content/uploads/2012/11/Sedum-rubrotinctum.jpg
Sedum rupestre,https://plantsam.com/wp-content/uploads/2021/04/Sedum-rupestre-2-480x480.jpg
Sedum rupestre “Angelina”,https://plantsam.com/wp-content/uploads/2021/04/Sedum-rupestre-Angelina-480x480.jpg
Sedum sediforme,https://plantsam.com/wp-content/uploads/2021/10/Sedum-sediforme-480x480.jpg
Sedum spathulifolium “Purpureum”,https://plantsam.com/wp-content/uploads/2021/09/Sedum-spathulifolium-Purpureum-480x480.webp
Sempervivum arachnoideum,https://plantsam.com/wp-content/uploads/2013/06/Sempervivum.jpg
Sempervivum arachnoideum cv.,https://plantsam.com/wp-content/uploads/2021/12/Sempervivum-arachnoideum-cv-480x480.webp
Sempervivum tectorum cv.,https://plantsam.com/wp-content/uploads/2021/10/Sempervivum-tectorum-cv-480x480.jpg
Senecio barbertonicus,https://plantsam.com/wp-content/uploads/2014/06/Senecio-barbertonicus-480.jpg
Senecio crassissimus,https://plantsam.com/wp-content/uploads/2015/01/Senecio.jpg
Senecio herreianus,https://plantsam.com/wp-content/uploads/2019/07/Senecio-herreianus-7-480x480.jpg
Senecio rowleyanus,https://plantsam.com/wp-content/uploads/2021/04/Senecio-rowleyanus-480x480.jpg
Senecio scaposus,https://plantsam.com/wp-content/uploads/2022/02/Senecio-scaposus-480x480.webp
Senecio serpens,https://plantsam.com/wp-content/uploads/2021/10/Senecio-serpens-1-480x480.jpg
Sinocrassula yunnanensis,https://plantsam.com/wp-content/uploads/2021/11/Sinocrassula-yunnanensis-2-480x480.jpg
Stapelia asterias,https://plantsam.com/wp-content/uploads/2021/10/Stapelia-asterias-480x480.jpg
Stenocactus crispatus,https://plantsam.com/wp-content/uploads/2021/11/Stenocactus-crispatus-480x480.jpg
Sulcorebutia rauschii,https://plantsam.com/wp-content/uploads/2015/04/Sulcorebutia-r.jpg
Talinum calycinum,https://plantsam.com/wp-content/uploads/2014/07/Phemeranthus-calycinus.jpg
Tephrocactus articulatus,https://plantsam.com/wp-content/uploads/2022/01/Tephrocactus-articulatus-480x480.webp
Thelocactus bicolor,https://plantsam.com/wp-content/uploads/2021/10/Thelocactus-bicolor-480x480.jpg
Thelocactus rinconensis,https://plantsam.com/wp-content/uploads/2021/10/Thelocactus-rinconensis-480x480.jpg
Thelocactus setispinus,https://plantsam.com/wp-content/uploads/2021/10/Thelocactus-setispinus-480x480.jpg
Titanopsis calcarea,https://plantsam.com/wp-content/uploads/2013/11/Titanopsis-calcarea.jpg
Tylecodon schaeferianus,https://plantsam.com/wp-content/uploads/2013/06/Tylecodon.jpg
Yucca filamentosa,https://plantsam.com/wp-content/uploads/2012/06/yucca-filamentosa.jpg
Yucca gigantea,https://plantsam.com/wp-content/uploads/2014/05/Yucca-gigantea-480.jpg
Yucca rostrata,https://plantsam.com/wp-content/uploads/2018/10/Yucca-rostrata-1-480x480.jpg
Yucca sp. “Variegata”,https://plantsam.com/wp-content/uploads/2021/10/Yucca-sp-Variegata-2-480x480.jpg
× Graptoveria “Silver Star”,https://plantsam.com/wp-content/uploads/2013/02/Graptoveria-Silver-Star.jpg